RECORD ID,SET ID,RECORD NAME,RECORD OPEN DATE
MDM150,201 2ND STREET BILLING,589 HOWARD ST,12/17/2015
KID9,ADCO SIGNS,80 DUBOCE ST,12/17/2015
MDM152,ADCO SIGNS,3039 SAN BRUNO AVE,12/17/2015
ORIG1251,ADCO SIGNS,80 DUBOCE AVE,12/17/2015
ORIG1342,ADCO SIGNS,74 OTIS ST,12/17/2015
MDM124,ALLEN INVESTMENTS BILLING,1575 SOUTH VAN NESS AVE,12/17/2015
ORIG763,BARRETT BLOCK PARTNERS BILLING,425 04TH ST,12/18/2015
ORIG764,BARRETT BLOCK PARTNERS BILLING,425 04TH ST,12/18/2015
ORIG74,BCSP 201 CAL PROPERTY LP,201 CALIFORNIA ST,12/18/2015
MDM49,BECK BILLING,60 OAK GROVE ST,12/17/2015
KES72,BIG OUTDOOR BILLING,1398 BRYANT ST,12/17/2015
MDM33,BIG OUTDOOR BILLING,1516 FOLSOM ST,12/17/2015
ORIG1,BIG OUTDOOR BILLING,550 BEACH ST,12/17/2015
ORIG104,BIG OUTDOOR BILLING,236 POWELL ST,12/17/2015
ORIG114,BIG OUTDOOR BILLING,140 ELLIS ST,12/17/2015
ORIG519,BIG OUTDOOR BILLING,250 14TH ST,12/17/2015
MDM47,CAL PAC BULLETINS BILLING,474 05TH ST,12/17/2015
MDM48,CAL PAC BULLETINS BILLING,474 05TH ST,12/17/2015
EKC58,CAPITOL OUTDOOR BILLING,229 08TH ST,12/17/2015
ORIG1128,CAPITOL OUTDOOR BILLING,4680 MISSION ST,12/17/2015
ORIG157,CAPITOL OUTDOOR BILLING,2845 VAN NESS AVE,12/17/2015
ORIG175,CAPITOL OUTDOOR BILLING,1994 UNION ST,12/17/2015
ORIG176,CAPITOL OUTDOOR BILLING,1994 UNION ST,12/17/2015
ORIG177,CAPITOL OUTDOOR BILLING,2048 UNION ST,12/17/2015
ORIG192,CAPITOL OUTDOOR BILLING,2001 VAN NESS AVE,12/17/2015
ORIG230,CAPITOL OUTDOOR BILLING,851 OFARRELL ST,12/17/2015
ORIG33,CAPITOL OUTDOOR BILLING,633 BATTERY ST,12/17/2015
ORIG34,CAPITOL OUTDOOR BILLING,712 SANSOME ST,12/17/2015
ORIG453,CAPITOL OUTDOOR BILLING,1375 MISSION ST,12/17/2015
ORIG454,CAPITOL OUTDOOR BILLING,113 10TH ST,12/17/2015
ORIG489,CAPITOL OUTDOOR BILLING,1401 FOLSOM ST,12/17/2015
ORIG506,CAPITOL OUTDOOR BILLING,465 10TH ST,12/17/2015
ORIG724,CAPITOL OUTDOOR BILLING,397 08TH ST,12/18/2015
ORIG782,CAPITOL OUTDOOR BILLING,555 02ND ST,12/18/2015
ORIG794,CAPITOL OUTDOOR BILLING,504 06TH ST,12/18/2015
ORIG821,CAPITOL OUTDOOR BILLING,650 02ND ST,12/18/2015
ORIG831,CAPITOL OUTDOOR BILLING,101 UTAH ST,12/18/2015
ORIG877,CAPITOL OUTDOOR BILLING,1069 PENNSYLVANIA AVE,12/18/2015
EKC50,CHL INTERNATIONAL ASSOCIATES BILLING,120 ELLIS ST,12/17/2015
EKC2,CITY OUTDOOR HOLDINGS BILLING,1745 MARKET ST,12/17/2015
ORIG126,CITY OUTDOOR HOLDINGS BILLING,136 TAYLOR ST,12/17/2015
ORIG6,CITY OUTDOOR HOLDINGS BILLING,383 BAY ST,12/17/2015
ORIG672,CITY OUTDOOR HOLDINGS BILLING,1086 FOLSOM ST,12/18/2015
ORIG796,CITY OUTDOOR HOLDINGS BILLING,885 BRYANT ST,12/18/2015
CL94,CLASSIC SIGN SOLUTIONS BILLING,6404 03RD ST,12/17/2015
2020-000657GAS,CLEAR CHANNEL OUTDOOR BILLING,2525 Lombard St,1/15/2020
2020-000659GAS,CLEAR CHANNEL OUTDOOR BILLING,1700 Noriega St,1/15/2020
JPL115,CLEAR CHANNEL OUTDOOR BILLING,574 03RD ST,12/17/2015
JPL116,CLEAR CHANNEL OUTDOOR BILLING,3201 DIVISADERO ST,12/17/2015
JPL121,CLEAR CHANNEL OUTDOOR BILLING,206 05TH ST,12/17/2015
JPL122,CLEAR CHANNEL OUTDOOR BILLING,610 BRANNAN ST,12/17/2015
JPL123,CLEAR CHANNEL OUTDOOR BILLING,995 FOLSOM ST,12/17/2015
JPL131,CLEAR CHANNEL OUTDOOR BILLING,928 VALENCIA ST,12/17/2015
KAB43,CLEAR CHANNEL OUTDOOR BILLING,470 BROADWAY,12/17/2015
KAB61,CLEAR CHANNEL OUTDOOR BILLING,801 OFARRELL ST,12/17/2015
KAB70,CLEAR CHANNEL OUTDOOR BILLING,700 VAN NESS AVE,12/17/2015
KAB71,CLEAR CHANNEL OUTDOOR BILLING,700 VAN NESS AVE,12/17/2015
KAB85,CLEAR CHANNEL OUTDOOR BILLING,552 COLUMBUS AVE,12/17/2015
KAB98,CLEAR CHANNEL OUTDOOR BILLING,5173 MISSION ST,12/17/2015
KES45,CLEAR CHANNEL OUTDOOR BILLING,461 02ND ST,12/17/2015
MDM17,CLEAR CHANNEL OUTDOOR BILLING,165 SOUTH VAN NESS AVE,12/17/2015
MDM56,CLEAR CHANNEL OUTDOOR BILLING,610 BRANNAN ST,12/17/2015
MDM59,CLEAR CHANNEL OUTDOOR BILLING,689 03RD ST,12/17/2015
MDM61,CLEAR CHANNEL OUTDOOR BILLING,599 08TH ST,12/17/2015
MDM64,CLEAR CHANNEL OUTDOOR BILLING,580 KING ST,12/17/2015
MDM65,CLEAR CHANNEL OUTDOOR BILLING,580 KING ST,12/17/2015
MDM88,CLEAR CHANNEL OUTDOOR BILLING,3480 CESAR CHAVEZ ST,12/17/2015
MDM89,CLEAR CHANNEL OUTDOOR BILLING,3480 CESAR CHAVEZ ST,12/17/2015
MDM90,CLEAR CHANNEL OUTDOOR BILLING,3178 MISSION ST,12/17/2015
ORIG10,CLEAR CHANNEL OUTDOOR BILLING,470 BROADWAY,12/17/2015
ORIG1001,CLEAR CHANNEL OUTDOOR BILLING,2985 SAN BRUNO AVE,12/17/2015
ORIG1002,CLEAR CHANNEL OUTDOOR BILLING,2985 SAN BRUNO AVE,12/17/2015
ORIG1012,CLEAR CHANNEL OUTDOOR BILLING,3275 SAN BRUNO AVE,12/17/2015
ORIG1013,CLEAR CHANNEL OUTDOOR BILLING,3275 SAN BRUNO AVE,12/17/2015
ORIG1014,CLEAR CHANNEL OUTDOOR BILLING,643 PRECITA AVE,12/17/2015
ORIG1022,CLEAR CHANNEL OUTDOOR BILLING,2121 OAKDALE AVE,12/17/2015
ORIG1023,CLEAR CHANNEL OUTDOOR BILLING,2121 OAKDALE AVE,12/17/2015
ORIG1024,CLEAR CHANNEL OUTDOOR BILLING,2160 OAKDALE AVE,12/17/2015
ORIG1025,CLEAR CHANNEL OUTDOOR BILLING,2160 OAKDALE AVE,12/17/2015
ORIG1034,CLEAR CHANNEL OUTDOOR BILLING,1615 CORTLAND AVE,12/17/2015
ORIG1036,CLEAR CHANNEL OUTDOOR BILLING,1612 CORTLAND AVE,12/17/2015
ORIG1039,CLEAR CHANNEL OUTDOOR BILLING,550 BAYSHORE BLVD,12/17/2015
ORIG1048,CLEAR CHANNEL OUTDOOR BILLING,790 SILVER AVE,12/17/2015
ORIG1054,CLEAR CHANNEL OUTDOOR BILLING,4627 MISSION ST,12/17/2015
ORIG1055,CLEAR CHANNEL OUTDOOR BILLING,4627 MISSION ST,12/17/2015
ORIG1062,CLEAR CHANNEL OUTDOOR BILLING,2550 BAYSHORE BLVD,12/17/2015
ORIG1064,CLEAR CHANNEL OUTDOOR BILLING,2610 BAYSHORE BLVD,12/17/2015
ORIG1073,CLEAR CHANNEL OUTDOOR BILLING,5137 MISSION ST,12/17/2015
ORIG1074,CLEAR CHANNEL OUTDOOR BILLING,5259 MISSION ST,12/17/2015
ORIG1097,CLEAR CHANNEL OUTDOOR BILLING,3480 CESAR CHAVEZ ST,12/17/2015
ORIG1098,CLEAR CHANNEL OUTDOOR BILLING,3480 CESAR CHAVEZ ST,12/17/2015
ORIG1099,CLEAR CHANNEL OUTDOOR BILLING,3001 MISSION ST,12/17/2015
ORIG1102,CLEAR CHANNEL OUTDOOR BILLING,3390 CESAR CHAVEZ ST,12/17/2015
ORIG1105,CLEAR CHANNEL OUTDOOR BILLING,3158 MISSION ST,12/17/2015
ORIG1107,CLEAR CHANNEL OUTDOOR BILLING,3204 MISSION ST,12/17/2015
ORIG1108,CLEAR CHANNEL OUTDOOR BILLING,3232 MISSION ST,12/17/2015
ORIG111,CLEAR CHANNEL OUTDOOR BILLING,691 OFARRELL ST,12/17/2015
ORIG1110,CLEAR CHANNEL OUTDOOR BILLING,3342 MISSION ST,12/17/2015
ORIG1111,CLEAR CHANNEL OUTDOOR BILLING,3342 MISSION ST,12/17/2015
ORIG1116,CLEAR CHANNEL OUTDOOR BILLING,584 BOSWORTH ST,12/17/2015
ORIG1121,CLEAR CHANNEL OUTDOOR BILLING,4100 MISSION ST,12/17/2015
ORIG1123,CLEAR CHANNEL OUTDOOR BILLING,1301 OCEAN AVE,12/17/2015
ORIG1124,CLEAR CHANNEL OUTDOOR BILLING,295 OCEAN AVE,12/17/2015
ORIG1133,CLEAR CHANNEL OUTDOOR BILLING,5500 MISSION ST,12/17/2015
ORIG1159,CLEAR CHANNEL OUTDOOR BILLING,735 MONTGOMERY ST,12/17/2015
ORIG1164,CLEAR CHANNEL OUTDOOR BILLING,1570 MARKET ST,12/17/2015
ORIG1178,CLEAR CHANNEL OUTDOOR BILLING,610 BRANNAN ST,12/17/2015
ORIG1181,CLEAR CHANNEL OUTDOOR BILLING,470 BROADWAY,12/17/2015
ORIG1184,CLEAR CHANNEL OUTDOOR BILLING,1201 COLUMBUS AVE,12/17/2015
ORIG1186,CLEAR CHANNEL OUTDOOR BILLING,125 06TH ST,12/17/2015
ORIG1188,CLEAR CHANNEL OUTDOOR BILLING,711 22ND ST,12/17/2015
ORIG120,CLEAR CHANNEL OUTDOOR BILLING,373 ELLIS ST,12/17/2015
ORIG139,CLEAR CHANNEL OUTDOOR BILLING,2901 VAN NESS AVE,12/17/2015
ORIG14,CLEAR CHANNEL OUTDOOR BILLING,366 COLUMBUS AVE,12/17/2015
ORIG141,CLEAR CHANNEL OUTDOOR BILLING,2084 CHESTNUT ST,12/17/2015
ORIG147,CLEAR CHANNEL OUTDOOR BILLING,2101 CHESTNUT ST,12/17/2015
ORIG148,CLEAR CHANNEL OUTDOOR BILLING,2101 CHESTNUT ST,12/17/2015
ORIG154,CLEAR CHANNEL OUTDOOR BILLING,1556 LOMBARD ST,12/17/2015
ORIG161,CLEAR CHANNEL OUTDOOR BILLING,1501 LOMBARD ST,12/17/2015
ORIG17,CLEAR CHANNEL OUTDOOR BILLING,1400 POWELL ST,12/17/2015
ORIG18,CLEAR CHANNEL OUTDOOR BILLING,754 BROADWAY,12/17/2015
ORIG184,CLEAR CHANNEL OUTDOOR BILLING,2101 POLK ST,12/17/2015
ORIG185,CLEAR CHANNEL OUTDOOR BILLING,2101 POLK ST,12/17/2015
ORIG189,CLEAR CHANNEL OUTDOOR BILLING,2037 POLK ST,12/17/2015
ORIG19,CLEAR CHANNEL OUTDOOR BILLING,770 BROADWAY,12/17/2015
ORIG190,CLEAR CHANNEL OUTDOOR BILLING,2128 VAN NESS AVE,12/17/2015
ORIG193,CLEAR CHANNEL OUTDOOR BILLING,2020 VAN NESS AVE,12/17/2015
ORIG194,CLEAR CHANNEL OUTDOOR BILLING,2020 VAN NESS AVE,12/17/2015
ORIG201,CLEAR CHANNEL OUTDOOR BILLING,1561 POLK ST,12/17/2015
ORIG205,CLEAR CHANNEL OUTDOOR BILLING,1488 PINE ST,12/17/2015
ORIG209,CLEAR CHANNEL OUTDOOR BILLING,1437 POLK ST,12/17/2015
ORIG212,CLEAR CHANNEL OUTDOOR BILLING,1501 VAN NESS AVE,12/17/2015
ORIG213,CLEAR CHANNEL OUTDOOR BILLING,2435 CALIFORNIA ST,12/17/2015
ORIG214,CLEAR CHANNEL OUTDOOR BILLING,2435 CALIFORNIA ST,12/17/2015
ORIG216,CLEAR CHANNEL OUTDOOR BILLING,1301 POLK ST,12/17/2015
ORIG217,CLEAR CHANNEL OUTDOOR BILLING,1430 VAN NESS AVE,12/17/2015
ORIG229,CLEAR CHANNEL OUTDOOR BILLING,801 OFARRELL ST,12/17/2015
ORIG23,CLEAR CHANNEL OUTDOOR BILLING,401 BROADWAY,12/17/2015
ORIG231,CLEAR CHANNEL OUTDOOR BILLING,920 VAN NESS AVE,12/17/2015
ORIG235,CLEAR CHANNEL OUTDOOR BILLING,725 ELLIS ST,12/17/2015
ORIG236,CLEAR CHANNEL OUTDOOR BILLING,725 ELLIS ST,12/17/2015
ORIG24,CLEAR CHANNEL OUTDOOR BILLING,425 BROADWAY,12/17/2015
ORIG240,CLEAR CHANNEL OUTDOOR BILLING,690 VAN NESS AVE,12/17/2015
ORIG243,CLEAR CHANNEL OUTDOOR BILLING,435 HAYES ST,12/17/2015
ORIG252,CLEAR CHANNEL OUTDOOR BILLING,1870 MARKET ST,12/17/2015
ORIG258,CLEAR CHANNEL OUTDOOR BILLING,3201 DIVISADERO ST,12/17/2015
ORIG259,CLEAR CHANNEL OUTDOOR BILLING,2532 LOMBARD ST,12/17/2015
ORIG263,CLEAR CHANNEL OUTDOOR BILLING,2498 LOMBARD ST,12/17/2015
ORIG266,CLEAR CHANNEL OUTDOOR BILLING,2499 LOMBARD ST,12/17/2015
ORIG267,CLEAR CHANNEL OUTDOOR BILLING,2499 LOMBARD ST,12/17/2015
ORIG269,CLEAR CHANNEL OUTDOOR BILLING,2505 LOMBARD ST,12/17/2015
ORIG275,CLEAR CHANNEL OUTDOOR BILLING,3195 CALIFORNIA ST,12/17/2015
ORIG276,CLEAR CHANNEL OUTDOOR BILLING,3195 CALIFORNIA ST,12/17/2015
ORIG278,CLEAR CHANNEL OUTDOOR BILLING,1854 DIVISADERO ST,12/17/2015
ORIG290,CLEAR CHANNEL OUTDOOR BILLING,1839 IRVING ST,12/17/2015
ORIG293,CLEAR CHANNEL OUTDOOR BILLING,717 DIVISADERO ST,12/17/2015
ORIG300,CLEAR CHANNEL OUTDOOR BILLING,643 DIVISADERO ST,12/17/2015
ORIG305,CLEAR CHANNEL OUTDOOR BILLING,443 DIVISADERO ST,12/17/2015
ORIG306,CLEAR CHANNEL OUTDOOR BILLING,443 DIVISADERO ST,12/17/2015
ORIG318,CLEAR CHANNEL OUTDOOR BILLING,388 32ND AVE,12/17/2015
ORIG319,CLEAR CHANNEL OUTDOOR BILLING,388 32ND AVE,12/17/2015
ORIG326,CLEAR CHANNEL OUTDOOR BILLING,3754 GEARY BLVD,12/17/2015
ORIG329,CLEAR CHANNEL OUTDOOR BILLING,4040 GEARY BLVD,12/17/2015
ORIG331,CLEAR CHANNEL OUTDOOR BILLING,451 CLEMENT ST,12/17/2015
ORIG332,CLEAR CHANNEL OUTDOOR BILLING,4228 GEARY BLVD,12/17/2015
ORIG337,CLEAR CHANNEL OUTDOOR BILLING,308 08TH AVE,12/17/2015
ORIG341,CLEAR CHANNEL OUTDOOR BILLING,5801 GEARY BLVD,12/17/2015
ORIG342,CLEAR CHANNEL OUTDOOR BILLING,5856 GEARY BLVD,12/17/2015
ORIG348,CLEAR CHANNEL OUTDOOR BILLING,6340 GEARY BLVD,12/17/2015
ORIG349,CLEAR CHANNEL OUTDOOR BILLING,3055 CLEMENT ST,12/17/2015
ORIG358,CLEAR CHANNEL OUTDOOR BILLING,4751 GEARY BLVD,12/17/2015
ORIG36,CLEAR CHANNEL OUTDOOR BILLING,768 SANSOME ST,12/17/2015
ORIG367,CLEAR CHANNEL OUTDOOR BILLING,695 35TH AVE,12/17/2015
ORIG369,CLEAR CHANNEL OUTDOOR BILLING,3950 BALBOA ST,12/17/2015
ORIG37,CLEAR CHANNEL OUTDOOR BILLING,768 SANSOME ST,12/17/2015
ORIG370,CLEAR CHANNEL OUTDOOR BILLING,4001 BALBOA ST,12/17/2015
ORIG371,CLEAR CHANNEL OUTDOOR BILLING,3601 BALBOA ST,12/17/2015
ORIG38,CLEAR CHANNEL OUTDOOR BILLING,768 SANSOME ST,12/17/2015
ORIG380,CLEAR CHANNEL OUTDOOR BILLING,2050 IRVING ST,12/17/2015
ORIG381,CLEAR CHANNEL OUTDOOR BILLING,2050 IRVING ST,12/17/2015
ORIG382,CLEAR CHANNEL OUTDOOR BILLING,1634 IRVING ST,12/17/2015
ORIG383,CLEAR CHANNEL OUTDOOR BILLING,1352 IRVING ST,12/17/2015
ORIG385,CLEAR CHANNEL OUTDOOR BILLING,600 IRVING ST,12/17/2015
ORIG386,CLEAR CHANNEL OUTDOOR BILLING,622 IRVING ST,12/17/2015
ORIG387,CLEAR CHANNEL OUTDOOR BILLING,622 IRVING ST,12/17/2015
ORIG388,CLEAR CHANNEL OUTDOOR BILLING,951 IRVING ST,12/17/2015
ORIG389,CLEAR CHANNEL OUTDOOR BILLING,2445 IRVING ST,12/17/2015
ORIG393,CLEAR CHANNEL OUTDOOR BILLING,3495 JUDAH ST,12/17/2015
ORIG394,CLEAR CHANNEL OUTDOOR BILLING,1844 JUDAH ST,12/17/2015
ORIG398,CLEAR CHANNEL OUTDOOR BILLING,1800 19TH AVE,12/17/2015
ORIG400,CLEAR CHANNEL OUTDOOR BILLING,2454 NORIEGA ST,12/17/2015
ORIG405,CLEAR CHANNEL OUTDOOR BILLING,555 TARAVAL ST,12/17/2015
ORIG409,CLEAR CHANNEL OUTDOOR BILLING,2254 TARAVAL ST,12/17/2015
ORIG414,CLEAR CHANNEL OUTDOOR BILLING,2055 TARAVAL ST,12/17/2015
ORIG42,CLEAR CHANNEL OUTDOOR BILLING,768 SANSOME ST,12/17/2015
ORIG421,CLEAR CHANNEL OUTDOOR BILLING,260 WEST PORTAL ST,12/17/2015
ORIG422,CLEAR CHANNEL OUTDOOR BILLING,372 WEST PORTAL ST,12/17/2015
ORIG424,CLEAR CHANNEL OUTDOOR BILLING,840 ULLOA ST,12/17/2015
ORIG425,CLEAR CHANNEL OUTDOOR BILLING,840 ULLOA ST,12/17/2015
ORIG426,CLEAR CHANNEL OUTDOOR BILLING,840 ULLOA ST,12/17/2015
ORIG427,CLEAR CHANNEL OUTDOOR BILLING,840 ULLOA ST,12/17/2015
ORIG435,CLEAR CHANNEL OUTDOOR BILLING,597 MONTEREY BLVD,12/17/2015
ORIG440,CLEAR CHANNEL OUTDOOR BILLING,220 OCEAN AVE,12/17/2015
ORIG445,CLEAR CHANNEL OUTDOOR BILLING,1944 OCEAN AVE,12/17/2015
ORIG446,CLEAR CHANNEL OUTDOOR BILLING,1944 OCEAN AVE,12/17/2015
ORIG45,CLEAR CHANNEL OUTDOOR BILLING,1116 STOCKTON ST,12/17/2015
ORIG458,CLEAR CHANNEL OUTDOOR BILLING,1522 HOWARD ST,12/17/2015
ORIG46,CLEAR CHANNEL OUTDOOR BILLING,1116 STOCKTON ST,12/17/2015
ORIG464,CLEAR CHANNEL OUTDOOR BILLING,165 SOUTH VAN NESS AVE,12/17/2015
ORIG472,CLEAR CHANNEL OUTDOOR BILLING,298 11TH ST,12/17/2015
ORIG486,CLEAR CHANNEL OUTDOOR BILLING,1374 HARRISON ST,12/17/2015
ORIG49,CLEAR CHANNEL OUTDOOR BILLING,1241 POWELL ST,12/17/2015
ORIG491,CLEAR CHANNEL OUTDOOR BILLING,1609 FOLSOM ST,12/17/2015
ORIG492,CLEAR CHANNEL OUTDOOR BILLING,1601 FOLSOM ST,12/17/2015
ORIG498,CLEAR CHANNEL OUTDOOR BILLING,1689 FOLSOM ST,12/17/2015
ORIG50,CLEAR CHANNEL OUTDOOR BILLING,911 PACIFIC AVE,12/17/2015
ORIG504,CLEAR CHANNEL OUTDOOR BILLING,428 11TH ST,12/17/2015
ORIG505,CLEAR CHANNEL OUTDOOR BILLING,428 11TH ST,12/17/2015
ORIG512,CLEAR CHANNEL OUTDOOR BILLING,1701 FOLSOM ST,12/17/2015
ORIG516,CLEAR CHANNEL OUTDOOR BILLING,245 SOUTH VAN NESS AVE,12/17/2015
ORIG518,CLEAR CHANNEL OUTDOOR BILLING,1751 MISSION ST,12/17/2015
ORIG521,CLEAR CHANNEL OUTDOOR BILLING,1798 MISSION ST,12/17/2015
ORIG532,CLEAR CHANNEL OUTDOOR BILLING,301 VALENCIA ST,12/17/2015
ORIG541,CLEAR CHANNEL OUTDOOR BILLING,333 SOUTH VAN NESS AVE,12/17/2015
ORIG560,CLEAR CHANNEL OUTDOOR BILLING,2298 MARKET ST,12/17/2015
ORIG569,CLEAR CHANNEL OUTDOOR BILLING,3100 18TH ST,12/17/2015
ORIG571,CLEAR CHANNEL OUTDOOR BILLING,697 SOUTH VAN NESS AVE,12/17/2015
ORIG572,CLEAR CHANNEL OUTDOOR BILLING,697 SOUTH VAN NESS AVE,12/17/2015
ORIG573,CLEAR CHANNEL OUTDOOR BILLING,697 SOUTH VAN NESS AVE,12/17/2015
ORIG579,CLEAR CHANNEL OUTDOOR BILLING,2176 MISSION ST,12/17/2015
ORIG593,CLEAR CHANNEL OUTDOOR BILLING,2351 MISSION ST,12/17/2015
ORIG600,CLEAR CHANNEL OUTDOOR BILLING,901 VALENCIA ST,12/17/2015
ORIG616,CLEAR CHANNEL OUTDOOR BILLING,1018 MISSION ST,12/17/2015
ORIG618,CLEAR CHANNEL OUTDOOR BILLING,948 MISSION ST,12/17/2015
ORIG62,CLEAR CHANNEL OUTDOOR BILLING,42 COLUMBUS AVE,12/17/2015
ORIG621,CLEAR CHANNEL OUTDOOR BILLING,47 06TH ST,12/17/2015
ORIG622,CLEAR CHANNEL OUTDOOR BILLING,47 06TH ST,12/17/2015
ORIG659,CLEAR CHANNEL OUTDOOR BILLING,138 06TH ST,12/18/2015
ORIG661,CLEAR CHANNEL OUTDOOR BILLING,1083 MISSION ST,12/18/2015
ORIG664,CLEAR CHANNEL OUTDOOR BILLING,1187 MISSION ST,12/18/2015
ORIG665,CLEAR CHANNEL OUTDOOR BILLING,1199 MISSION ST,12/18/2015
ORIG666,CLEAR CHANNEL OUTDOOR BILLING,1201 MISSION ST,12/18/2015
ORIG667,CLEAR CHANNEL OUTDOOR BILLING,1201 MISSION ST,12/18/2015
ORIG669,CLEAR CHANNEL OUTDOOR BILLING,290 07TH ST,12/18/2015
ORIG673,CLEAR CHANNEL OUTDOOR BILLING,230 05TH ST,12/18/2015
ORIG674,CLEAR CHANNEL OUTDOOR BILLING,230 05TH ST,12/18/2015
ORIG675,CLEAR CHANNEL OUTDOOR BILLING,998 FOLSOM ST,12/18/2015
ORIG676,CLEAR CHANNEL OUTDOOR BILLING,998 FOLSOM ST,12/18/2015
ORIG677,CLEAR CHANNEL OUTDOOR BILLING,206 05TH ST,12/18/2015
ORIG68,CLEAR CHANNEL OUTDOOR BILLING,1029 HYDE ST,12/18/2015
ORIG69,CLEAR CHANNEL OUTDOOR BILLING,1029 HYDE ST,12/18/2015
ORIG7,CLEAR CHANNEL OUTDOOR BILLING,1000 COLUMBUS AVE,12/18/2015
ORIG709,CLEAR CHANNEL OUTDOOR BILLING,396 05TH ST,12/18/2015
ORIG710,CLEAR CHANNEL OUTDOOR BILLING,910 HARRISON ST,12/18/2015
ORIG714,CLEAR CHANNEL OUTDOOR BILLING,301 06TH ST,12/18/2015
ORIG715,CLEAR CHANNEL OUTDOOR BILLING,301 06TH ST,12/18/2015
ORIG716,CLEAR CHANNEL OUTDOOR BILLING,301 06TH ST,12/18/2015
ORIG718,CLEAR CHANNEL OUTDOOR BILLING,1098 HARRISON ST,12/18/2015
ORIG719,CLEAR CHANNEL OUTDOOR BILLING,1098 HARRISON ST,12/18/2015
ORIG732,CLEAR CHANNEL OUTDOOR BILLING,1090 BRYANT ST,12/18/2015
ORIG733,CLEAR CHANNEL OUTDOOR BILLING,1090 BRYANT ST,12/18/2015
ORIG735,CLEAR CHANNEL OUTDOOR BILLING,1155 HARRISON ST,12/18/2015
ORIG736,CLEAR CHANNEL OUTDOOR BILLING,1155 HARRISON ST,12/18/2015
ORIG741,CLEAR CHANNEL OUTDOOR BILLING,420 05TH ST,12/18/2015
ORIG742,CLEAR CHANNEL OUTDOOR BILLING,420 05TH ST,12/18/2015
ORIG745,CLEAR CHANNEL OUTDOOR BILLING,760 BRYANT ST,12/18/2015
ORIG746,CLEAR CHANNEL OUTDOOR BILLING,971 HARRISON ST,12/18/2015
ORIG747,CLEAR CHANNEL OUTDOOR BILLING,971 HARRISON ST,12/18/2015
ORIG748,CLEAR CHANNEL OUTDOOR BILLING,50 MORRIS ST,12/18/2015
ORIG750,CLEAR CHANNEL OUTDOOR BILLING,451 06TH ST,12/18/2015
ORIG751,CLEAR CHANNEL OUTDOOR BILLING,451 06TH ST,12/18/2015
ORIG752,CLEAR CHANNEL OUTDOOR BILLING,925 HARRISON ST,12/18/2015
ORIG755,CLEAR CHANNEL OUTDOOR BILLING,660 BRYANT ST,12/18/2015
ORIG757,CLEAR CHANNEL OUTDOOR BILLING,475 04TH ST,12/18/2015
ORIG758,CLEAR CHANNEL OUTDOOR BILLING,475 04TH ST,12/18/2015
ORIG759,CLEAR CHANNEL OUTDOOR BILLING,145 STILLMAN ST,12/18/2015
ORIG760,CLEAR CHANNEL OUTDOOR BILLING,145 STILLMAN ST,12/18/2015
ORIG761,CLEAR CHANNEL OUTDOOR BILLING,130 PERRY ST,12/18/2015
ORIG762,CLEAR CHANNEL OUTDOOR BILLING,130 PERRY ST,12/18/2015
ORIG77,CLEAR CHANNEL OUTDOOR BILLING,333 KEARNY ST,12/18/2015
ORIG771,CLEAR CHANNEL OUTDOOR BILLING,460 BRYANT ST,12/18/2015
ORIG772,CLEAR CHANNEL OUTDOOR BILLING,460 BRYANT ST,12/18/2015
ORIG781,CLEAR CHANNEL OUTDOOR BILLING,333 BRYANT ST,12/18/2015
ORIG783,CLEAR CHANNEL OUTDOOR BILLING,274 BRANNAN ST,12/18/2015
ORIG786,CLEAR CHANNEL OUTDOOR BILLING,539 BRYANT ST,12/18/2015
ORIG787,CLEAR CHANNEL OUTDOOR BILLING,539 BRYANT ST,12/18/2015
ORIG799,CLEAR CHANNEL OUTDOOR BILLING,548 07TH ST,12/18/2015
ORIG800,CLEAR CHANNEL OUTDOOR BILLING,548 07TH ST,12/18/2015
ORIG806,CLEAR CHANNEL OUTDOOR BILLING,650 08TH ST,12/18/2015
ORIG807,CLEAR CHANNEL OUTDOOR BILLING,650 08TH ST,12/18/2015
ORIG808,CLEAR CHANNEL OUTDOOR BILLING,787 BRANNAN ST,12/18/2015
ORIG813,CLEAR CHANNEL OUTDOOR BILLING,649 BRANNAN ST,12/18/2015
ORIG814,CLEAR CHANNEL OUTDOOR BILLING,660 04TH ST,12/18/2015
ORIG817,CLEAR CHANNEL OUTDOOR BILLING,290 TOWNSEND ST,12/18/2015
ORIG818,CLEAR CHANNEL OUTDOOR BILLING,290 TOWNSEND ST,12/18/2015
ORIG83,CLEAR CHANNEL OUTDOOR BILLING,251 KEARNY ST,12/18/2015
ORIG833,CLEAR CHANNEL OUTDOOR BILLING,1686 BRYANT ST,12/18/2015
ORIG846,CLEAR CHANNEL OUTDOOR BILLING,447 POTRERO AVE,12/18/2015
ORIG847,CLEAR CHANNEL OUTDOOR BILLING,401 POTRERO AVE,12/18/2015
ORIG850,CLEAR CHANNEL OUTDOOR BILLING,593 POTRERO AVE,12/18/2015
ORIG862,CLEAR CHANNEL OUTDOOR BILLING,801 MINNESOTA ST,12/18/2015
ORIG863,CLEAR CHANNEL OUTDOOR BILLING,801 MINNESOTA ST,12/18/2015
ORIG88,CLEAR CHANNEL OUTDOOR BILLING,686 POST ST,12/18/2015
ORIG888,CLEAR CHANNEL OUTDOOR BILLING,2300 26TH ST,12/18/2015
ORIG889,CLEAR CHANNEL OUTDOOR BILLING,1800 CESAR CHAVEZ ST,12/18/2015
ORIG890,CLEAR CHANNEL OUTDOOR BILLING,1800 CESAR CHAVEZ ST,12/18/2015
ORIG891,CLEAR CHANNEL OUTDOOR BILLING,1110 PENNSYLVANIA AVE,12/18/2015
ORIG897,CLEAR CHANNEL OUTDOOR BILLING,2935 03RD ST,12/18/2015
ORIG906,CLEAR CHANNEL OUTDOOR BILLING,1300 CESAR CHAVEZ ST,12/18/2015
ORIG907,CLEAR CHANNEL OUTDOOR BILLING,1300 CESAR CHAVEZ ST,12/18/2015
ORIG908,CLEAR CHANNEL OUTDOOR BILLING,1300 CESAR CHAVEZ ST,12/18/2015
ORIG909,CLEAR CHANNEL OUTDOOR BILLING,1300 CESAR CHAVEZ ST,12/18/2015
ORIG910,CLEAR CHANNEL OUTDOOR BILLING,3101 03RD ST,12/18/2015
ORIG911,CLEAR CHANNEL OUTDOOR BILLING,3101 03RD ST,12/18/2015
ORIG933,CLEAR CHANNEL OUTDOOR BILLING,1801 EVANS ST,12/18/2015
ORIG934,CLEAR CHANNEL OUTDOOR BILLING,1801 EVANS AVE,12/18/2015
ORIG94,CLEAR CHANNEL OUTDOOR BILLING,234 STOCKTON ST,12/18/2015
ORIG95,CLEAR CHANNEL OUTDOOR BILLING,260 STOCKTON ST,12/18/2015
ORIG959,CLEAR CHANNEL OUTDOOR BILLING,5005 03RD ST,12/18/2015
ORIG967,CLEAR CHANNEL OUTDOOR BILLING,5263 03RD ST,12/18/2015
ORIG973,CLEAR CHANNEL OUTDOOR BILLING,5210 03RD ST,12/18/2015
ORIG974,CLEAR CHANNEL OUTDOOR BILLING,5210 03RD ST,12/18/2015
ORIG977,CLEAR CHANNEL OUTDOOR BILLING,5288 03RD ST,12/18/2015
ORIG982,CLEAR CHANNEL OUTDOOR BILLING,1670 ARMSTRONG AVE,12/18/2015
ORIG983,CLEAR CHANNEL OUTDOOR BILLING,1575 BAYSHORE BLVD,12/18/2015
ORIG984,CLEAR CHANNEL OUTDOOR BILLING,1575 BAYSHORE BLVD,12/18/2015
ORIG985,CLEAR CHANNEL OUTDOOR BILLING,1575 BAYSHORE BLVD,12/18/2015
ORIG988,CLEAR CHANNEL OUTDOOR BILLING,5990 03RD ST,12/18/2015
ORIG989,CLEAR CHANNEL OUTDOOR BILLING,5990 03RD ST,12/18/2015
ORIG990,CLEAR CHANNEL OUTDOOR BILLING,2491 SAN BRUNO AVE,12/18/2015
ORIG626,CLPF BILLING,60 SPEAR ST,12/18/2015
MDM54,COCA-COLA NORTH AMERICA BILLING,701 BRYANT ST,12/17/2015
MDM55,COCA-COLA NORTH AMERICA BILLING,701 BRYANT ST,12/17/2015
ORIG1362,COLLIERS INTERNATIONAL BILLING,278 POST ST,12/17/2015
ORIG107,COLOSSAL MEDIA BILLING,501 GEARY ST,12/17/2015
ORIG29,COLOSSAL MEDIA BILLING,394 PACIFIC AVE,12/17/2015
ORIG4,COLOSSAL MEDIA BILLING,365 BAY ST,12/17/2015
ORIG455,COLOSSAL MEDIA BILLING,190 10TH ST,12/17/2015
ORIG611,COLOSSAL MEDIA BILLING,6 07TH ST,12/17/2015
ORIG671,COLOSSAL MEDIA BILLING,219 07TH ST,12/18/2015
ORIG701,COLOSSAL MEDIA BILLING,674 HARRISON ST,12/18/2015
ORIG790,COLOSSAL MEDIA BILLING,560 BRANNAN ST,12/18/2015
KID10,DIVERSE MEDIA DISPLAYS BILLING,1897 LOMBARD ST,12/17/2015
ORIG260,DIVERSE MEDIA DISPLAYS BILLING,2594 LOMBARD ST,12/17/2015
JPL7,EARTHBRIDGE OUTDOOR BILLING,2283 MARKET ST,12/17/2015
ORIG558,EARTHBRIDGE OUTDOOR BILLING,2283 MARKET ST,12/17/2015
ORIG153,EBITS BILLING,1626 LOMBARD ST,12/17/2015
CL158,"EVEREST K2, LLC",2519 VAN NESS AVE,12/17/2015
ORIG149,FAVERO TRUST BILLING,2126 LOMBARD ST,12/17/2015
ORIG768,FINE RESTAURANTS BILLING,759 HARRISON ST,12/18/2015
ORIG769,FINE RESTAURANTS BILLING,759 HARRISON ST,12/18/2015
ORIG150,FOSTER INTERSTATE MEDIA BILLING,2036 LOMBARD ST,12/17/2015
ORIG25,FOSTER INTERSTATE MEDIA BILLING,1020 KEARNY ST,12/17/2015
ORIG663,FOSTER INTERSTATE MEDIA BILLING,114 07TH ST,12/18/2015
ORIG75,FOSTER INTERSTATE MEDIA BILLING,22 BATTERY ST,12/18/2015
ORIG97,FOSTER INTERSTATE MEDIA BILLING,12 GEARY ST,12/18/2015
ORIG98,FOSTER INTERSTATE MEDIA BILLING,12 GEARY ST,12/18/2015
EKC67,FUEL OUTDOOR BILLING,350 PACIFIC AVE,12/17/2015
EKC87,FUEL OUTDOOR BILLING,2701 TAYLOR ST,12/17/2015
EKC88,FUEL OUTDOOR BILLING,2701 TAYLOR ST,12/17/2015
EKC97,FUEL OUTDOOR BILLING,165 SOUTH VAN NESS AVE,12/17/2015
EKC98,FUEL OUTDOOR BILLING,165 SOUTH VAN NESS AVE,12/17/2015
KES26,FUEL OUTDOOR BILLING,1155 BRYANT ST,12/17/2015
MDM15,FUEL OUTDOOR BILLING,165 SOUTH VAN NESS AVE,12/17/2015
MDM16,FUEL OUTDOOR BILLING,165 SOUTH VAN NESS AVE,12/17/2015
MDM18,FUEL OUTDOOR BILLING,165 SOUTH VAN NESS AVE,12/17/2015
ORIG479,FUEL OUTDOOR BILLING,291 10TH ST,12/17/2015
ORIG627,FUEL OUTDOOR BILLING,1 MARKET ST,12/18/2015
ORIG628,FUEL OUTDOOR BILLING,1 MARKET ST,12/18/2015
ORIG630,FUEL OUTDOOR BILLING,1 MARKET ST,12/18/2015
ORIG631,FUEL OUTDOOR BILLING,1 MARKET ST,12/18/2015
ORIG67,FUEL OUTDOOR BILLING,1408 CALIFORNIA ST,12/18/2015
ORIG780,FUEL OUTDOOR BILLING,430 MAIN ST,12/18/2015
ORIG793,FUEL OUTDOOR BILLING,565 06TH ST,12/18/2015
ORIG815,FUEL OUTDOOR BILLING,310 TOWNSEND ST,12/18/2015
ORIG819,FUEL OUTDOOR BILLING,679 03RD ST,12/18/2015
ORIG105,HANDLERY HOLDING CO. BILLING,301 GEARY ST,12/17/2015
ORIG106,HARSCH INVESTMENT PROPERTIES BILLING,301 MASON ST,12/17/2015
ORIG310,IBRAHIM KAILEH BILLING,901 HAIGHT ST,12/17/2015
ORIG311,IBRAHIM KAILEH BILLING,901 HAIGHT ST,12/17/2015
ORIG753,J2 PROPERTIES BILLING,851 HARRISON ST,12/18/2015
ORIG754,J2 PROPERTIES BILLING,851 HARRISON ST,12/18/2015
ORIG568,JNL 19TH BILLING,2130 HARRISON ST,12/17/2015
ORIG726,KENT KOCKOS BILLING,1227 FOLSOM ST,12/18/2015
EKC13,KIM MEDIA BILLING,101 JEFFERSON ST,12/17/2015
ORIG816,LAMAR ADVERTISING OUTDOOR,350 TOWNSEND ST,12/18/2015
ORIG155,LOMBARD STREET BILLING,1568 LOMBARD ST,12/17/2015
ORIG164,MOULTLOMBARD,1959 LOMBARD ST,12/17/2015
ORIG467,NEW TRADITION MEDIA LLC,170 SOUTH VAN NESS AVE,12/17/2015
ORIG167,OK MEDIA BILLING,2157 LOMBARD ST,12/17/2015
ORIG168,OK MEDIA BILLING,2151 LOMBARD ST,12/17/2015
JPL118,OUTFRONT MEDIA BILLING,2299 LOMBARD ST,12/17/2015
JPL119,OUTFRONT MEDIA BILLING,1480 BROADWAY,12/17/2015
JPL120,OUTFRONT MEDIA BILLING,530 BROADWAY,12/17/2015
JPL33,OUTFRONT MEDIA BILLING,1878 HAIGHT ST,12/17/2015
JPL39,OUTFRONT MEDIA BILLING,1128 VALENCIA ST,12/17/2015
JPL41,OUTFRONT MEDIA BILLING,490 BRANNAN ST,12/17/2015
KES27,OUTFRONT MEDIA BILLING,1000 BRANNAN ST,12/17/2015
KID18,OUTFRONT MEDIA BILLING,1500 BUSH ST,12/17/2015
MDM125,OUTFRONT MEDIA BILLING,2635 BAYSHORE BLVD,12/17/2015
MDM24,OUTFRONT MEDIA BILLING,235 10TH ST,12/17/2015
MDM51,OUTFRONT MEDIA BILLING,401 03RD ST,12/17/2015
MDM71,OUTFRONT MEDIA BILLING,1427 SAN BRUNO AVE,12/17/2015
MDM73,OUTFRONT MEDIA BILLING,2501 03RD ST,12/17/2015
MDM74,OUTFRONT MEDIA BILLING,2501 03RD ST,12/17/2015
ORIG1000,OUTFRONT MEDIA BILLING,2901 SAN BRUNO AVE,12/17/2015
ORIG1008,OUTFRONT MEDIA BILLING,3099 SAN BRUNO AVE,12/17/2015
ORIG1009,OUTFRONT MEDIA BILLING,3067 SAN BRUNO AVE,12/17/2015
ORIG1015,OUTFRONT MEDIA BILLING,263 BAYSHORE BLVD,12/17/2015
ORIG1016,OUTFRONT MEDIA BILLING,263 BAYSHORE BLVD,12/17/2015
ORIG1020,OUTFRONT MEDIA BILLING,280 BAYSHORE BLVD,12/17/2015
ORIG1021,OUTFRONT MEDIA BILLING,280 BAYSHORE BLVD,12/17/2015
ORIG1029,OUTFRONT MEDIA BILLING,440 BAYSHORE BLVD,12/17/2015
ORIG1031,OUTFRONT MEDIA BILLING,320 BAYSHORE BLVD,12/17/2015
ORIG1037,OUTFRONT MEDIA BILLING,500 BAYSHORE BLVD,12/17/2015
ORIG1040,OUTFRONT MEDIA BILLING,992 PERALTA AVE,12/17/2015
ORIG1050,OUTFRONT MEDIA BILLING,2480 SAN BRUNO AVE,12/17/2015
ORIG1058,OUTFRONT MEDIA BILLING,2260 BAYSHORE BLVD,12/17/2015
ORIG1059,OUTFRONT MEDIA BILLING,2200 BAYSHORE BLVD,12/17/2015
ORIG1069,OUTFRONT MEDIA BILLING,5025 MISSION ST,12/17/2015
ORIG109,OUTFRONT MEDIA BILLING,770 OFARRELL ST,12/17/2015
ORIG1094,OUTFRONT MEDIA BILLING,3000 MISSION ST,12/17/2015
ORIG1100,OUTFRONT MEDIA BILLING,1515 SOUTH VAN NESS AVE,12/17/2015
ORIG1103,OUTFRONT MEDIA BILLING,3120 MISSION ST,12/17/2015
ORIG1109,OUTFRONT MEDIA BILLING,1651 CHURCH ST,12/17/2015
ORIG1112,OUTFRONT MEDIA BILLING,3488 MISSION ST,12/17/2015
ORIG1114,OUTFRONT MEDIA BILLING,3798 MISSION ST,12/17/2015
ORIG1117,OUTFRONT MEDIA BILLING,1780 SAN JOSE AVE,12/17/2015
ORIG1118,OUTFRONT MEDIA BILLING,4420 MISSION ST,12/17/2015
ORIG1119,OUTFRONT MEDIA BILLING,4334 MISSION ST,12/17/2015
ORIG1120,OUTFRONT MEDIA BILLING,4334 MISSION ST,12/17/2015
ORIG1131,OUTFRONT MEDIA BILLING,890 GENEVA AVE,12/17/2015
ORIG1132,OUTFRONT MEDIA BILLING,890 GENEVA AVE,12/17/2015
ORIG12,OUTFRONT MEDIA BILLING,530 BROADWAY,12/17/2015
ORIG122,OUTFRONT MEDIA BILLING,305 HYDE ST,12/17/2015
ORIG140,OUTFRONT MEDIA BILLING,2050 CHESTNUT ST,12/17/2015
ORIG142,OUTFRONT MEDIA BILLING,2390 LOMBARD ST,12/17/2015
ORIG15,OUTFRONT MEDIA BILLING,612 BROADWAY,12/17/2015
ORIG162,OUTFRONT MEDIA BILLING,1787 LOMBARD ST,12/17/2015
ORIG163,OUTFRONT MEDIA BILLING,3130 WEBSTER ST,12/17/2015
ORIG169,OUTFRONT MEDIA BILLING,2299 LOMBARD ST,12/17/2015
ORIG180,OUTFRONT MEDIA BILLING,2255 POLK ST,12/17/2015
ORIG186,OUTFRONT MEDIA BILLING,1480 BROADWAY,12/17/2015
ORIG187,OUTFRONT MEDIA BILLING,1480 BROADWAY,12/17/2015
ORIG188,OUTFRONT MEDIA BILLING,1544 PACIFIC AVE,12/17/2015
ORIG191,OUTFRONT MEDIA BILLING,2001 VAN NESS AVE,12/17/2015
ORIG200,OUTFRONT MEDIA BILLING,1630 POLK ST,12/17/2015
ORIG204,OUTFRONT MEDIA BILLING,1349 LARKIN ST,12/17/2015
ORIG206,OUTFRONT MEDIA BILLING,1436 POLK ST,12/17/2015
ORIG207,OUTFRONT MEDIA BILLING,1436 POLK ST,12/17/2015
ORIG208,OUTFRONT MEDIA BILLING,1561 CALIFORNIA ST,12/17/2015
ORIG211,OUTFRONT MEDIA BILLING,1401 POLK ST,12/17/2015
ORIG245,OUTFRONT MEDIA BILLING,110 FRANKLIN ST,12/17/2015
ORIG246,OUTFRONT MEDIA BILLING,110 FRANKLIN ST,12/17/2015
ORIG255,OUTFRONT MEDIA BILLING,15 HERMANN ST,12/17/2015
ORIG264,OUTFRONT MEDIA BILLING,2341 CHESTNUT ST,12/17/2015
ORIG279,OUTFRONT MEDIA BILLING,3628 GEARY BLVD,12/17/2015
ORIG28,OUTFRONT MEDIA BILLING,333 BROADWAY,12/17/2015
ORIG280,OUTFRONT MEDIA BILLING,3 MASONIC AVE,12/17/2015
ORIG281,OUTFRONT MEDIA BILLING,3 MASONIC AVE,12/17/2015
ORIG282,OUTFRONT MEDIA BILLING,3 MASONIC AVE,12/17/2015
ORIG285,OUTFRONT MEDIA BILLING,3215 GEARY BLVD,12/17/2015
ORIG298,OUTFRONT MEDIA BILLING,610 MASONIC AVE,12/17/2015
ORIG302,OUTFRONT MEDIA BILLING,616 DIVISADERO ST,12/17/2015
ORIG307,OUTFRONT MEDIA BILLING,1800 HAIGHT ST,12/17/2015
ORIG308,OUTFRONT MEDIA BILLING,1800 HAIGHT ST,12/17/2015
ORIG309,OUTFRONT MEDIA BILLING,1878 HAIGHT ST,12/17/2015
ORIG322,OUTFRONT MEDIA BILLING,2132 CLEMENT ST,12/17/2015
ORIG324,OUTFRONT MEDIA BILLING,354 CLEMENT ST,12/17/2015
ORIG327,OUTFRONT MEDIA BILLING,3836 GEARY BLVD,12/17/2015
ORIG328,OUTFRONT MEDIA BILLING,151 CLEMENT ST,12/17/2015
ORIG330,OUTFRONT MEDIA BILLING,4040 GEARY BLVD,12/17/2015
ORIG333,OUTFRONT MEDIA BILLING,330 07TH AVE,12/17/2015
ORIG334,OUTFRONT MEDIA BILLING,321 06TH AVE,12/17/2015
ORIG335,OUTFRONT MEDIA BILLING,330 07TH AVE,12/17/2015
ORIG340,OUTFRONT MEDIA BILLING,5644 GEARY BLVD,12/17/2015
ORIG352,OUTFRONT MEDIA BILLING,6099 GEARY BLVD,12/17/2015
ORIG353,OUTFRONT MEDIA BILLING,6099 GEARY BLVD,12/17/2015
ORIG354,OUTFRONT MEDIA BILLING,6027 GEARY BLVD,12/17/2015
ORIG355,OUTFRONT MEDIA BILLING,5339 GEARY BLVD,12/17/2015
ORIG362,OUTFRONT MEDIA BILLING,401 08TH AVE,12/17/2015
ORIG363,OUTFRONT MEDIA BILLING,4201 GEARY BLVD,12/17/2015
ORIG366,OUTFRONT MEDIA BILLING,500 BALBOA ST,12/17/2015
ORIG368,OUTFRONT MEDIA BILLING,3600 BALBOA ST,12/17/2015
ORIG378,OUTFRONT MEDIA BILLING,2100 IRVING ST,12/17/2015
ORIG379,OUTFRONT MEDIA BILLING,2100 IRVING ST,12/17/2015
ORIG399,OUTFRONT MEDIA BILLING,1345 NORIEGA ST,12/17/2015
ORIG403,OUTFRONT MEDIA BILLING,3801 NORIEGA ST,12/17/2015
ORIG408,OUTFRONT MEDIA BILLING,2100 TARAVAL ST,12/17/2015
ORIG418,OUTFRONT MEDIA BILLING,1855 TARAVAL ST,12/17/2015
ORIG423,OUTFRONT MEDIA BILLING,398 WEST PORTAL AVE,12/17/2015
ORIG429,OUTFRONT MEDIA BILLING,807 ULLOA ST,12/17/2015
ORIG43,OUTFRONT MEDIA BILLING,126 COLUMBUS AVE,12/17/2015
ORIG430,OUTFRONT MEDIA BILLING,160 WEST PORTAL AVE,12/17/2015
ORIG431,OUTFRONT MEDIA BILLING,195 WEST PORTAL AVE,12/17/2015
ORIG432,OUTFRONT MEDIA BILLING,195 WEST PORTAL AVE,12/17/2015
ORIG439,OUTFRONT MEDIA BILLING,1344 OCEAN AVE,12/17/2015
ORIG447,OUTFRONT MEDIA BILLING,1809 MARKET ST,12/17/2015
ORIG448,OUTFRONT MEDIA BILLING,174 VALENCIA ST,12/17/2015
ORIG466,OUTFRONT MEDIA BILLING,1695 MISSION ST,12/17/2015
ORIG477,OUTFRONT MEDIA BILLING,1316 FOLSOM ST,12/17/2015
ORIG482,OUTFRONT MEDIA BILLING,1375 HOWARD ST,12/17/2015
ORIG485,OUTFRONT MEDIA BILLING,1354 HARRISON ST,12/17/2015
ORIG488,OUTFRONT MEDIA BILLING,1379 FOLSOM ST,12/17/2015
ORIG493,OUTFRONT MEDIA BILLING,1610 HARRISON ST,12/17/2015
ORIG503,OUTFRONT MEDIA BILLING,1615 FOLSOM ST,12/17/2015
ORIG510,OUTFRONT MEDIA BILLING,1000 BRANNAN ST,12/17/2015
ORIG515,OUTFRONT MEDIA BILLING,1776 FOLSOM ST,12/17/2015
ORIG526,OUTFRONT MEDIA BILLING,260 VALENCIA ST,12/17/2015
ORIG534,OUTFRONT MEDIA BILLING,398 SOUTH VAN NESS AVE,12/17/2015
ORIG535,OUTFRONT MEDIA BILLING,398 SOUTH VAN NESS AVE,12/17/2015
ORIG544,OUTFRONT MEDIA BILLING,1835 FOLSOM ST,12/17/2015
ORIG566,OUTFRONT MEDIA BILLING,2099 FOLSOM ST,12/17/2015
ORIG577,OUTFRONT MEDIA BILLING,2101 MISSION ST,12/17/2015
ORIG578,OUTFRONT MEDIA BILLING,2126 MISSION ST,12/17/2015
ORIG591,OUTFRONT MEDIA BILLING,2271 MISSION ST,12/17/2015
ORIG620,OUTFRONT MEDIA BILLING,481 JESSIE ST,12/17/2015
ORIG623,OUTFRONT MEDIA BILLING,22 02ND ST,12/17/2015
ORIG624,OUTFRONT MEDIA BILLING,51 03RD ST,12/17/2015
ORIG64,OUTFRONT MEDIA BILLING,423 WASHINGTON ST,12/18/2015
ORIG647,OUTFRONT MEDIA BILLING,530 HOWARD ST,12/18/2015
ORIG651,OUTFRONT MEDIA BILLING,967 MISSION ST,12/18/2015
ORIG652,OUTFRONT MEDIA BILLING,965 MISSION ST,12/18/2015
ORIG653,OUTFRONT MEDIA BILLING,965 MISSION ST,12/18/2015
ORIG655,OUTFRONT MEDIA BILLING,106 06TH ST,12/18/2015
ORIG656,OUTFRONT MEDIA BILLING,106 06TH ST,12/18/2015
ORIG670,OUTFRONT MEDIA BILLING,1188 FOLSOM ST,12/18/2015
ORIG682,OUTFRONT MEDIA BILLING,380 CLEMENTINA ST,12/18/2015
ORIG685,OUTFRONT MEDIA BILLING,205 02ND ST,12/18/2015
ORIG698,OUTFRONT MEDIA BILLING,450 HARRISON ST,12/18/2015
ORIG70,OUTFRONT MEDIA BILLING,500 GRANT AVE,12/18/2015
ORIG704,OUTFRONT MEDIA BILLING,397 05TH ST,12/18/2015
ORIG706,OUTFRONT MEDIA BILLING,397 05TH ST,12/18/2015
ORIG721,OUTFRONT MEDIA BILLING,1118 HARRISON ST,12/18/2015
ORIG725,OUTFRONT MEDIA BILLING,393 09TH ST,12/18/2015
ORIG727,OUTFRONT MEDIA BILLING,1201 HARRISON ST,12/18/2015
ORIG728,OUTFRONT MEDIA BILLING,1201 HARRISON ST,12/18/2015
ORIG73,OUTFRONT MEDIA BILLING,200 PINE ST,12/18/2015
ORIG730,OUTFRONT MEDIA BILLING,1000 BRYANT ST,12/18/2015
ORIG731,OUTFRONT MEDIA BILLING,1000 BRYANT ST,12/18/2015
ORIG756,OUTFRONT MEDIA BILLING,400 03RD ST,12/18/2015
ORIG789,OUTFRONT MEDIA BILLING,490 BRANNAN ST,12/18/2015
ORIG8,OUTFRONT MEDIA BILLING,750 COLUMBUS AVE,12/18/2015
ORIG802,OUTFRONT MEDIA BILLING,541 08TH ST,12/18/2015
ORIG803,OUTFRONT MEDIA BILLING,17 DECATUR ST,12/18/2015
ORIG810,OUTFRONT MEDIA BILLING,713 BRANNAN ST,12/18/2015
ORIG844,OUTFRONT MEDIA BILLING,2401 16TH ST,12/18/2015
ORIG848,OUTFRONT MEDIA BILLING,2085 03RD ST,12/18/2015
ORIG873,OUTFRONT MEDIA BILLING,2900 24TH ST,12/18/2015
ORIG878,OUTFRONT MEDIA BILLING,2797 03RD ST,12/18/2015
ORIG879,OUTFRONT MEDIA BILLING,2797 03RD ST,12/18/2015
ORIG881,OUTFRONT MEDIA BILLING,1495 TENNESSEE ST,12/18/2015
ORIG898,OUTFRONT MEDIA BILLING,2590 MARIN ST,12/18/2015
ORIG9,OUTFRONT MEDIA BILLING,659 COLUMBUS AVE,12/18/2015
ORIG900,OUTFRONT MEDIA BILLING,2305 CESAR CHAVEZ ST,12/18/2015
ORIG901,OUTFRONT MEDIA BILLING,2305 CESAR CHAVEZ ST,12/18/2015
ORIG902,OUTFRONT MEDIA BILLING,2305 CESAR CHAVEZ ST,12/18/2015
ORIG903,OUTFRONT MEDIA BILLING,2305 CESAR CHAVEZ ST,12/18/2015
ORIG921,OUTFRONT MEDIA BILLING,6245 03RD ST,12/18/2015
ORIG929,OUTFRONT MEDIA BILLING,125 NAPOLEON ST,12/18/2015
ORIG930,OUTFRONT MEDIA BILLING,125 NAPOLEON ST,12/18/2015
ORIG931,OUTFRONT MEDIA BILLING,2246 JERROLD AVE,12/18/2015
ORIG932,OUTFRONT MEDIA BILLING,1859 EVANS ST,12/18/2015
ORIG935,OUTFRONT MEDIA BILLING,4101 03RD ST,12/18/2015
ORIG945,OUTFRONT MEDIA BILLING,4442 03RD ST,12/18/2015
ORIG946,OUTFRONT MEDIA BILLING,4517 03RD ST,12/18/2015
ORIG947,OUTFRONT MEDIA BILLING,4517 03RD ST,12/18/2015
ORIG948,OUTFRONT MEDIA BILLING,4517 03RD ST,12/18/2015
ORIG949,OUTFRONT MEDIA BILLING,4517 03RD ST,12/18/2015
ORIG957,OUTFRONT MEDIA BILLING,141 INDUSTRIAL ST,12/18/2015
ORIG958,OUTFRONT MEDIA BILLING,141 INDUSTRIAL ST,12/18/2015
ORIG96,OUTFRONT MEDIA BILLING,275 POST ST,12/18/2015
ORIG966,OUTFRONT MEDIA BILLING,5172 03RD ST,12/18/2015
ORIG972,OUTFRONT MEDIA BILLING,5222 03RD ST,12/18/2015
ORIG975,OUTFRONT MEDIA BILLING,5222 03RD ST,12/18/2015
ORIG976,OUTFRONT MEDIA BILLING,5250 03RD ST,12/18/2015
ORIG979,OUTFRONT MEDIA BILLING,WILLIAMS AVE,12/18/2015
ORIG980,OUTFRONT MEDIA BILLING,WILLIAMS AVE,12/18/2015
ORIG981,OUTFRONT MEDIA BILLING,WILLIAMS AVE,12/18/2015
ORIG991,OUTFRONT MEDIA BILLING,2469 SAN BRUNO AVE,12/18/2015
ORIG992,OUTFRONT MEDIA BILLING,2599 SAN BRUNO AVE,12/18/2015
ORIG993,OUTFRONT MEDIA BILLING,2599 SAN BRUNO AVE,12/18/2015
ORIG994,OUTFRONT MEDIA BILLING,2633 SAN BRUNO AVE,12/18/2015
ORIG995,OUTFRONT MEDIA BILLING,2633 SAN BRUNO AVE,12/18/2015
ORIG996,OUTFRONT MEDIA BILLING,2629 SAN BRUNO AVE,12/18/2015
ORIG998,OUTFRONT MEDIA BILLING,2695 SAN BRUNO AVE,12/18/2015
ORIG999,OUTFRONT MEDIA BILLING,2901 SAN BRUNO AVE,12/18/2015
ORIG178,OVERALL MURALS INC. SIGNS,2196 UNION ST,12/17/2015
ORIG471,OVERALL MURALS INC. SIGNS,298 11TH ST,12/17/2015
ORIG5,OVERALL MURALS INC. SIGNS,383 BAY ST,12/17/2015
ORIG686,OVERALL MURALS INC. SIGNS,577 HOWARD ST,12/18/2015
EKC40,POCOROBA REVOCABLE TRUST BILLING,3251 STEINER ST,12/17/2015
EKC41,POCOROBA REVOCABLE TRUST BILLING,3251 STEINER ST,12/17/2015
EKC82,RAINEY MEDIA BILLING,995 HARRISON ST,12/17/2015
ORIG804,SCJ BILLING,680 08TH ST,12/18/2015
ORIG805,SCJ BILLING,680 08TH ST,12/18/2015
CL10,SEATTLE SIGNS BILLING,875 HOWARD ST,12/17/2015
ORIG103,SEATTLE SIGNS BILLING,180 OFARRELL ST,12/17/2015
ORIG223,SEATTLE SIGNS BILLING,1332 VAN NESS AVE,12/17/2015
ORIG633,SEATTLE SIGNS BILLING,121 STEUART ST,12/18/2015
ORIG634,SEATTLE SIGNS BILLING,121 STEUART ST,12/18/2015
ORIG1308,SEROPAN ENTERPRISES BILLING,2098 LOMBARD ST,12/17/2015
ORIG248,SHIZUO HOLDING TRUST BILLING,400 HAIGHT ST,12/17/2015
ORIG249,SHIZUO HOLDING TRUST BILLING,400 HAIGHT ST,12/17/2015
ORIG886,STEVENS FAMILY TRUST BILLING,1435 SAN BRUNO AVE,12/18/2015
ORIG115,TOTAL CC: BILLING,100 POWELL ST,12/17/2015
KAB26,UNION SQUARE BUILDING BILLING,285 GEARY ST,12/17/2015
ORIG3,VAN WAGNER COMMUNICATIONS BILLING,1789 THE EMBARCADERO,12/17/2015
ORIG770,VAN WAGNER COMMUNICATIONS BILLING,759 HARRISON ST,12/18/2015
ORIG85,VAN WAGNER COMMUNICATIONS BILLING,445 SUTTER ST,12/18/2015
ORIG93,VAN WAGNER COMMUNICATIONS BILLING,132 GEARY ST,12/18/2015
ORIG615,WINDSOR HOTEL BILLING,20 06TH ST,12/17/2015
